Show,Subreddit
1883,r/Y1883
1899,r/1899TV
Abbott Elementary,r/AbbottElementary
Bachelor in Paradise,r/BachelorInParadise
Barry,r/Barry
Black Mirror,r/blackmirror
Boy Meets World,r/boymeetsworld
Breaking Bad,r/breakingbad
Bridgerton,r/BridgertonNetflix
Cruel Summer,r/CruelSummer
Cyberpunk,Edgerunners
Dragonball Z,r/dbz
Emily in Paris,r/EmilyInParis
Euphoria,r/euphoria
Foundation,r/FoundationTV
Game of Thrones,r/gameofthrones
Grey's Anatomy,r/greysanatomy
House of the Dragon,r/HouseOfTheDragon
Invincible,r/Invincible
NCIS,r/NCIS
Obi-Wan Kenobi,r/StarWarsKenobi
Only Murders in the Building,r/OnlyMurdersHulu
Party Down,r/PartyDown
Poker Face,r/pokerface
Reacher,r/JackReacher
Rick & Morty,r/rickandmorty
Severance,r/Severance
Shrill,r/ShrillHulu
Shrinking,r/shrinking
South Park,r/southpark
Star Trek: Picard,r/picard
Stranger Things,r/StrangerThings
Succession,r/SuccessionTV
Survivor,r/survivor
Ted Lasso,r/TedLasso
The Bachelorette,r/thebachelor
The Bear,r/thebear
The Book of Boba Fett,r/BookOfBobaFett
The Boys,r/TheBoys
The Consultant,r/TheConsultantTV
The End is Nye,r/BillNye
The Last of Us,r/thelastofus
The Mandalorian,r/TheMandalorianTV
TRH: Beverly Hills,r/BravoRealHousewives
RHONJ,r/BravoRealHousewives
The Sopranos,r/thesopranos
The Walking Dead,r/thewalkingdead
The White Lotus,r/WhiteLotusHBO
Wednesday,r/Wednesday
Yellowjackets,r/Yellowjackets
Yellowstone,r/YellowstonePN
You,r/YouOnLifetime