Show,Link
Abbott Elementary,https://www.imdb.com/title/tt14218830/?ref_=nv_sr_srsg_0
American Horror Story,https://www.imdb.com/title/tt1844624/?ref_=nv_sr_srsg_0
Andor,https://www.imdb.com/title/tt9253284/?ref_=nv_sr_srsg_1
Attack on Titan,https://www.imdb.com/title/tt2560140/?ref_=nv_sr_srsg_1
Avenue 5,https://www.imdb.com/title/tt10234362/?ref_=nv_sr_srsg_0
Bachelor in Paradise,https://www.imdb.com/title/tt3780132/?ref_=nv_sr_srsg_0
Better Call Saul,https://www.imdb.com/title/tt3032476/?ref_=nv_sr_srsg_1
Billions,https://www.imdb.com/title/tt4270492/?ref_=nv_sr_srsg_0
Black Bird,https://www.imdb.com/title/tt4301160/?ref_=nv_sr_srsg_1
Black Mirror,https://www.imdb.com/title/tt2085059/?ref_=nv_sr_srsg_0
Boy Meets World,https://www.imdb.com/title/tt0105958/?ref_=nv_sr_srsg_0
Breaking Bad,https://www.imdb.com/title/tt0903747/?ref_=nv_sr_srsg_0
Bridgerton,https://www.imdb.com/title/tt8740790/?ref_=nv_sr_srsg_1
Cobra Kai,https://www.imdb.com/title/tt7221388/?ref_=nv_sr_srsg_1
Cowboy Bebop,https://www.imdb.com/title/tt1267295/?ref_=nv_sr_srsg_5
Cruel Summer,https://www.imdb.com/title/tt11083696/?ref_=nv_sr_srsg_0
Cyberpunk: Edgerunners,https://www.imdb.com/title/tt12590266/?ref_=nv_sr_srsg_0
Euphoria,https://www.imdb.com/title/tt8772296/?ref_=nv_sr_srsg_1
Friends,https://www.imdb.com/title/tt0108778/?ref_=nv_sr_srsg_0
Game of Thrones,https://www.imdb.com/title/tt0944947/?ref_=nv_sr_srsg_1
Grey's Anatomy,https://www.imdb.com/title/tt0413573/?ref_=nv_sr_srsg_1
House of the Dragon,https://www.imdb.com/title/tt11198330/?ref_=nv_sr_srsg_1
Interview with the Vampire,https://www.imdb.com/title/tt14921986/?ref_=nv_sr_srsg_3
Invincible,https://www.imdb.com/title/tt6741278/?ref_=nv_sr_srsg_0
Dahmer - Monster: The Jeffrey Dahmer Story,https://www.imdb.com/title/tt13207736/?ref_=nv_sr_srsg_1
Moon Knight,https://www.imdb.com/title/tt10234724/?ref_=nv_sr_srsg_1
NCIS,https://www.imdb.com/title/tt0364845/?ref_=nv_sr_srsg_1
Obi-Wan Kenobi,https://www.imdb.com/title/tt8466564/?ref_=nv_sr_srsg_1
Peaky Blinders,https://www.imdb.com/title/tt2442560/?ref_=fn_al_tt_1
Reacher,https://www.imdb.com/title/tt9288030/?ref_=nv_sr_srsg_1
Rick and Morty,https://www.imdb.com/title/tt2861424/?ref_=nv_sr_srsg_0
See,https://www.imdb.com/title/tt7949218/?ref_=nv_sr_srsg_0
Severance,https://www.imdb.com/title/tt11280740/?ref_=nv_sr_srsg_1
Shameless,https://www.imdb.com/title/tt1586680/?ref_=nv_sr_srsg_0
She-Hulk: Attorney at Law,https://www.imdb.com/title/tt10857160/?ref_=nv_sr_srsg_1
South Park,https://www.imdb.com/title/tt0121955/?ref_=nv_sr_srsg_0
Star Trek: Strange New Worlds,https://www.imdb.com/title/tt12327578/?ref_=nv_sr_srsg_1
Stranger Things,https://www.imdb.com/title/tt4574334/?ref_=nv_sr_srsg_1
Succession,https://www.imdb.com/title/tt7660850/?ref_=nv_sr_srsg_1
Supernatural,https://www.imdb.com/title/tt0460681/?ref_=nv_sr_srsg_1
Ted Lasso,https://www.imdb.com/title/tt10986410/?ref_=nv_sr_srsg_1
The Bachelorette,https://www.imdb.com/title/tt0348894/?ref_=nv_sr_srsg_0
The Bear,https://www.imdb.com/title/tt14452776/?ref_=nv_sr_srsg_1
The Book of Boba Fett,https://www.imdb.com/title/tt13668894/?ref_=nv_sr_srsg_1
The Boys,https://www.imdb.com/title/tt1190634/?ref_=nv_sr_srsg_1
The Crown,https://www.imdb.com/title/tt4786824/?ref_=nv_sr_srsg_1
The End is Nye,https://www.imdb.com/title/tt14325620/?ref_=nv_sr_srsg_0
The Gilded Age,https://www.imdb.com/title/tt4406178/?ref_=nv_sr_srsg_1
The Handmaid's Tale,https://www.imdb.com/title/tt5834204/?ref_=nv_sr_srsg_1
The Lord of the Rings: The Rings of Power,https://www.imdb.com/title/tt7631058/?ref_=nv_sr_srsg_1
The Mandalorian,https://www.imdb.com/title/tt8111088/?ref_=nv_sr_srsg_0
The Midnight Club,https://www.imdb.com/title/tt13444912/?ref_=nv_sr_srsg_0
The Office (US),https://www.imdb.com/title/tt0386676/?ref_=nv_sr_srsg_0
The Orville,https://www.imdb.com/title/tt5691552/?ref_=nv_sr_srsg_1
The Patient,https://www.imdb.com/title/tt15574312/?ref_=nv_sr_srsg_0
The Sandman,https://www.imdb.com/title/tt1751634/?ref_=nv_sr_srsg_1
The Serpent Queen,https://www.imdb.com/title/tt14022350/?ref_=nv_sr_srsg_0
The Sopranos,https://www.imdb.com/title/tt0141842/?ref_=nv_sr_srsg_0
The Terminal List,https://www.imdb.com/title/tt11743610/?ref_=nv_sr_srsg_1
The Umbrella Academy,https://www.imdb.com/title/tt1312171/?ref_=nv_sr_srsg_1
The Walking Dead,https://www.imdb.com/title/tt1520211/?ref_=nv_sr_srsg_1
The White Lotus,https://www.imdb.com/title/tt13406094/?ref_=nv_sr_srsg_0
Three Pines,https://www.imdb.com/title/tt15351648/?ref_=nv_sr_srsg_0
True Detective,https://www.imdb.com/title/tt2356777/?ref_=nv_sr_srsg_0
Welcome to Wrexham,https://www.imdb.com/title/tt14674086/?ref_=nv_sr_srsg_3
Westworld,https://www.imdb.com/title/tt0475784/?ref_=nv_sr_srsg_1
What We Do in the Shadows,https://www.imdb.com/title/tt7908628/?ref_=nv_sr_srsg_0
Yellowjackets,https://www.imdb.com/title/tt11041332/?ref_=nv_sr_srsg_1
You,https://www.imdb.com/title/tt7335184/?ref_=fn_al_tt_1
Wednesday,https://www.imdb.com/title/tt13443470/
Willow,https://www.imdb.com/title/tt10278918/
Yellowstone,https://www.imdb.com/title/tt4236770/
The Peripheral,https://www.imdb.com/title/tt8291284/?ref_=nv_sr_srsg_0
The Last of Us,https://www.imdb.com/title/tt3581920/?ref_=nv_sr_srsg_0
Tulsa King,https://www.imdb.com/title/tt16358384/?ref_=nv_sr_srsg_0
Firefly Lane,https://www.imdb.com/title/tt9012876/?ref_=nv_sr_srsg_0
The Santa Clauses,https://www.imdb.com/title/tt17047510/?ref_=nv_sr_srsg_0
His Dark Materials,https://www.imdb.com/title/tt5607976/?ref_=nv_sr_srsg_0
Slow Horses,https://www.imdb.com/title/tt5875444/?ref_=nv_sr_srsg_0
The Sex Lives of College Girls,https://www.imdb.com/title/tt11212276/?ref_=nv_sr_srsg_0
Criminal Minds,https://www.imdb.com/title/tt0452046/?ref_=nv_sr_srsg_1
The English,https://www.imdb.com/title/tt8064302/?ref_=nv_sr_srsg_1
Dead to Me,https://www.imdb.com/title/tt8064302/?ref_=nv_sr_srsg_1
Harry & Meghan,https://www.imdb.com/title/tt23900194/?ref_=nv_sr_srsg_0
George & Tammy,https://www.imdb.com/title/tt5545398/?ref_=nv_sr_srsg_1
Dark,https://www.imdb.com/title/tt5753856/?ref_=nv_sr_srsg_0
Guillermo del Toro's Cabinet of Curiosities,https://www.imdb.com/title/tt8415836/?ref_=nv_sr_srsg_6
Manifest,https://www.imdb.com/title/tt8421350/?ref_=nv_sr_srsg_0
Law & Order: Special Victims Unit,https://www.imdb.com/title/tt0203259/?ref_=nv_sr_srsg_3
The Rookie,https://www.imdb.com/title/tt7587890/?ref_=nv_sr_srsg_0
Chainsaw Man,https://www.imdb.com/title/tt13616990/?ref_=nv_sr_srsg_1
Cheers,https://www.imdb.com/title/tt0083399/?ref_=nv_sr_srsg_0
SAS: Rogue Heroes,https://www.imdb.com/title/tt10405370/?ref_=nv_sr_srsg_0
Echo 3,https://www.imdb.com/title/tt12762512/?ref_=nv_sr_srsg_0
Titans,https://www.imdb.com/title/tt1043813/?ref_=nv_sr_srsg_0
The Big Bang Theory,https://www.imdb.com/title/tt0898266/?ref_=nv_sr_srsg_0
Tom Clancy's Jack Ryan,https://www.imdb.com/title/tt5057054/?ref_=nv_sr_srsg_0
Warrior Nun,https://www.imdb.com/title/tt9059350/?ref_=nv_sr_srsg_0
Hot Skull,https://www.imdb.com/title/tt11988676/?ref_=nv_sr_srsg_0
Young Sheldon,https://www.imdb.com/title/tt6226232/?ref_=nv_sr_srsg_1
Modern Family,https://www.imdb.com/title/tt1442437/?ref_=nv_sr_srsg_0
It's Always Sunny in Philadelphia,https://www.imdb.com/title/tt0472954/?ref_=nv_sr_srsg_2
Family Guy,https://www.imdb.com/title/tt0182576/?ref_=nv_sr_srsg_2
The Blacklist,https://www.imdb.com/title/tt2741602/?ref_=nv_sr_srsg_0
Welcome to Chippendales,https://www.imdb.com/title/tt14675860/?ref_=nv_sr_srsg_0
Suits,https://www.imdb.com/title/tt1632701/?ref_=nv_sr_srsg_0
Doom Patrol,https://www.imdb.com/title/tt8416494/?ref_=nv_sr_srsg_0
Big Sky,https://www.imdb.com/title/tt11794642/?ref_=nv_sr_srsg_0
Shantaram,https://www.imdb.com/title/tt0429087/?ref_=nv_sr_srsg_0
Bones,https://www.imdb.com/title/tt0460627/?ref_=nv_sr_srsg_3
Fleishman is in Trouble,https://www.imdb.com/title/tt11527058/?ref_=nv_sr_srsg_1
The Witcher,https://www.imdb.com/title/tt5180504/?ref_=nv_sr_srsg_1
Seinfeld,https://www.imdb.com/title/tt0098904/?ref_=nv_sr_srsg_0
The Good Doctor,https://www.imdb.com/title/tt6470478/?ref_=nv_sr_srsg_0
The Watcher,https://www.imdb.com/title/tt14852808/?ref_=nv_sr_srsg_1
House,https://www.imdb.com/title/tt0412142/?ref_=nv_sr_srsg_1
Vikings,https://www.imdb.com/title/tt2306299/?ref_=nv_sr_srsg_1
Lucifer,https://www.imdb.com/title/tt4052886/?ref_=nv_sr_srsg_0
Ghosts,https://www.imdb.com/title/tt11379026/?ref_=nv_sr_srsg_0
Gossip Girl,https://www.imdb.com/title/tt10653784/?ref_=nv_sr_srsg_0
Gilmore Girls,https://www.imdb.com/title/tt0238784/?ref_=nv_sr_srsg_0
Inside Man,https://www.imdb.com/title/tt10948716/?ref_=nv_sr_srsg_0
Elite,https://www.imdb.com/title/tt7134908/?ref_=nv_sr_srsg_0
JoJo's Bizarre Adventure,https://www.imdb.com/title/tt2359704/?ref_=nv_sr_srsg_0
The Devil's Hour,https://www.imdb.com/title/tt14379784/?ref_=nv_sr_srsg_4
The Simpsons,https://www.imdb.com/title/tt0096697/?ref_=nv_sr_srsg_0
Chicago Fire,https://www.imdb.com/title/tt2261391/?ref_=nv_sr_srsg_0
Riches,https://www.imdb.com/title/tt13427680/?ref_=nv_sr_srsg_0
National Treasure: Edge of History,https://www.imdb.com/title/tt12580982/?ref_=nv_sr_srsg_0
C.B. Strike,https://www.imdb.com/title/tt4276618/?ref_=nv_sr_srsg_0
Cat,https://www.imdb.com/title/tt22297578/?ref_=nv_sr_srsg_0
The Recruit,https://www.imdb.com/title/tt16030542/?ref_=nv_sr_srsg_0
Kindred,https://www.imdb.com/title/tt14376190/?ref_=nv_sr_srsg_0
The Addams Family (1964),https://www.imdb.com/title/tt0057729/?ref_=nv_sr_srsg_3
Dragon Age: Absolution,https://www.imdb.com/title/tt21031054/?ref_=nv_sr_srsg_1
Midsomer Murders,https://www.imdb.com/title/tt0118401/?ref_=nv_sr_srsg_0
A Spy Among Friends,https://www.imdb.com/title/tt15565872/?ref_=nv_sr_srsg_0
Smiley,https://www.imdb.com/title/tt18072556/?ref_=nv_sr_srsg_0
Too Hot to Handle,https://www.imdb.com/title/tt12004280/?ref_=nv_sr_srsg_0
Mythic Quest,https://www.imdb.com/title/tt8879940/?ref_=nv_sr_srsg_0